name	nbRequest	nbRequestOK	nbRequestKO	minResponseTime	minResponseTimeOK	minResponseTimeKO	maxResponseTime	maxResponseTimeOK	maxResponseTimeKO	meanResponseTime	meanResponseTimeOK	meanResponseTimeKO	deviation	deviationOK	deviationKO	percentile1	percentile1OK	percentile1KO	percentile2	percentile2OK	percentile2KO	group1Name	group1Count	group1Percentage	group2Name	group2Count	group2Percentage	group3Name	group3Count	group3Percentage	group4Name	group4Count	group4Percentage	meanNumberOfRequestsPerSecond	meanNumberOfRequestsPerSecondOK	meanNumberOfRequestsPerSecondKO
Global Information	36000	36000	0	70	70	-1	5330	5330	-1	231	231	-1	393	393	-1	970	970	-1	1890	1890	-1	t < 800 ms	33132	92	800 ms < t < 1200 ms	1522	4	t > 1200 ms	1346	3	failed	0	0	10	10	-1
PE28VanillaCent5	2000	2000	0	7400	7400	-1	1811800	1811800	-1	909127	909127	-1	0	0	-1	1810300	1810300	-1	1811100	1811100	-1	t < 800 ms	0	0	800 ms < t < 1200 ms	0	0	t > 1200 ms	2000	100	failed	0	0	1	1	-1
PE28VanillaCent5 / filemeta action policy	2000	2000	0	70	70	-1	5330	5330	-1	126	126	-1	191	191	-1	170	170	-1	1080	1080	-1	t < 800 ms	1976	98	800 ms < t < 1200 ms	18	0	t > 1200 ms	6	0	failed	0	0	1	1	-1
PE28VanillaCent5 / filemeta app puppetd	2000	2000	0	70	70	-1	2490	2490	-1	124	124	-1	168	168	-1	160	160	-1	1090	1090	-1	t < 800 ms	1975	98	800 ms < t < 1200 ms	10	0	t > 1200 ms	15	0	failed	0	0	1	1	-1
PE28VanillaCent5 / filemeta agent puppetd	2000	2000	0	70	70	-1	1780	1780	-1	116	116	-1	138	138	-1	140	140	-1	790	790	-1	t < 800 ms	1980	99	800 ms < t < 1200 ms	13	0	t > 1200 ms	7	0	failed	0	0	1	1	-1
PE28VanillaCent5 / filemeta agent service ddl	2000	2000	0	70	70	-1	1880	1880	-1	131	131	-1	187	187	-1	320	320	-1	1180	1180	-1	t < 800 ms	1965	98	800 ms < t < 1200 ms	19	0	t > 1200 ms	16	0	failed	0	0	1	1	-1
PE28VanillaCent5 / catalog	2000	2000	0	680	680	-1	5060	5060	-1	1404	1404	-1	652	652	-1	2780	2780	-1	3680	3680	-1	t < 800 ms	27	1	800 ms < t < 1200 ms	1046	52	t > 1200 ms	927	46	failed	0	0	1	1	-1
PE28VanillaCent5 / filemeta agent puppetral	2000	2000	0	70	70	-1	1950	1950	-1	121	121	-1	158	158	-1	140	140	-1	1120	1120	-1	t < 800 ms	1973	98	800 ms < t < 1200 ms	14	0	t > 1200 ms	13	0	failed	0	0	1	1	-1
PE28VanillaCent5 / filemeta agent service	2000	2000	0	70	70	-1	1840	1840	-1	129	129	-1	171	171	-1	460	460	-1	1110	1110	-1	t < 800 ms	1974	98	800 ms < t < 1200 ms	14	0	t > 1200 ms	12	0	failed	0	0	1	1	-1
PE28VanillaCent5 / filemeta plugins	2000	2000	0	100	100	-1	2530	2530	-1	341	341	-1	316	316	-1	1040	1040	-1	1750	1750	-1	t < 800 ms	1829	91	800 ms < t < 1200 ms	98	4	t > 1200 ms	73	3	failed	0	0	1	1	-1
PE28VanillaCent5 / filemeta ssh key	2000	2000	0	70	70	-1	1840	1840	-1	127	127	-1	163	163	-1	400	400	-1	1090	1090	-1	t < 800 ms	1973	98	800 ms < t < 1200 ms	16	0	t > 1200 ms	11	0	failed	0	0	1	1	-1
PE28VanillaCent5 / filemeta agent package ddl	2000	2000	0	70	70	-1	1880	1880	-1	121	121	-1	151	151	-1	150	150	-1	1070	1070	-1	t < 800 ms	1976	98	800 ms < t < 1200 ms	14	0	t > 1200 ms	10	0	failed	0	0	1	1	-1
PE28VanillaCent5 / filemeta app service	2000	2000	0	70	70	-1	2330	2330	-1	128	128	-1	165	165	-1	430	430	-1	1070	1070	-1	t < 800 ms	1977	98	800 ms < t < 1200 ms	14	0	t > 1200 ms	9	0	failed	0	0	1	1	-1
PE28VanillaCent5 / filemeta agent puppetd ddl	2000	2000	0	70	70	-1	2380	2380	-1	126	126	-1	164	164	-1	380	380	-1	1080	1080	-1	t < 800 ms	1974	98	800 ms < t < 1200 ms	18	0	t > 1200 ms	8	0	failed	0	0	1	1	-1
PE28VanillaCent5 / report	2000	2000	0	280	280	-1	3550	3550	-1	498	498	-1	419	419	-1	1430	1430	-1	2440	2440	-1	t < 800 ms	1714	85	800 ms < t < 1200 ms	139	6	t > 1200 ms	147	7	failed	0	0	1	1	-1
PE28VanillaCent5 / filemeta agent puppetral ddl	2000	2000	0	70	70	-1	1810	1810	-1	128	128	-1	173	173	-1	320	320	-1	1140	1140	-1	t < 800 ms	1968	98	800 ms < t < 1200 ms	21	1	t > 1200 ms	11	0	failed	0	0	1	1	-1
PE28VanillaCent5 / filemeta app package	2000	2000	0	70	70	-1	1890	1890	-1	133	133	-1	190	190	-1	450	450	-1	1210	1210	-1	t < 800 ms	1969	98	800 ms < t < 1200 ms	10	0	t > 1200 ms	21	1	failed	0	0	1	1	-1
PE28VanillaCent5 / filemeta aespe security	2000	2000	0	70	70	-1	2360	2360	-1	158	158	-1	251	251	-1	640	640	-1	1450	1450	-1	t < 800 ms	1929	96	800 ms < t < 1200 ms	34	1	t > 1200 ms	37	1	failed	0	0	1	1	-1
PE28VanillaCent5 / filemeta agent package	2000	2000	0	70	70	-1	2500	2500	-1	127	127	-1	184	184	-1	150	150	-1	1150	1150	-1	t < 800 ms	1970	98	800 ms < t < 1200 ms	15	0	t > 1200 ms	15	0	failed	0	0	1	1	-1
PE28VanillaCent5 / filemeta registration meta	2000	2000	0	70	70	-1	1790	1790	-1	120	120	-1	142	142	-1	160	160	-1	760	760	-1	t < 800 ms	1983	99	800 ms < t < 1200 ms	9	0	t > 1200 ms	8	0	failed	0	0	1	1	-1

